{
    "places": [
        {
            "position": {
                "A": 14.540354090571586,
                "F": -90.40685892105103
            }
        }
    ]
}